"09/25/13 14:09:25","alastair","new_observation","blue","pink","null"
"09/25/13 14:09:28","alastair","update_observation","blue","pink","Because I saw that one was faster than the other."
"09/25/13 14:09:44","nora","new_observation","gray","pink","null"
"09/25/13 14:09:44","alastair","new_observation","green","gray","null"
"09/25/13 14:09:51","alastair","update_observation","green","gray","Because I saw Gray pass in front of Green."
"09/25/13 14:09:51","nora","update_observation","gray","pink","Because I saw Pink pass in front of Gray."
"09/25/13 14:09:58","simone","new_observation","blue","pink","null"
"10/25/13 14:10:01","simone","update_observation","blue","pink","Because I saw Pink pass in front of Blue."
"10/25/13 14:10:04","simone","remove_observation","blue","pink","Because I saw Pink pass in front of Blue."
"10/25/13 14:10:05","nora","new_observation","yellow","pink","null"
"10/25/13 14:10:09","nora","remove_observation","yellow","pink","null"
"10/25/13 14:10:10","nora","remove_observation","yellow","pink","null"
"10/25/13 14:10:10","simone","new_observation","blue","pink","null"
"10/25/13 14:10:11","kay","new_observation","red","pink","null"
"10/25/13 14:10:14","jamie","new_observation","yellow","pink","null"
"10/25/13 14:10:15","kay","update_observation","red","pink","Because I saw that one was faster than the other."
"10/25/13 14:10:16","jamie","update_observation","yellow","pink","Because I saw that one was faster than the other."
"10/25/13 14:10:17","simone","update_observation","blue","pink","Because I saw Pink pass in front of Blue."
"10/25/13 14:10:17","kay","new_observation","yellow","pink","null"
"10/25/13 14:10:19","kay","update_observation","yellow","pink","Because I saw that one was faster than the other."
"10/25/13 14:10:21","nora","new_observation","yellow","pink","null"
"10/25/13 14:10:22","kay","new_observation","blue","pink","null"
"10/25/13 14:10:23","jamie","new_observation","pink","blue","null"
"10/25/13 14:10:23","simone","new_observation","pink","green","null"
"10/25/13 14:10:24","kay","update_observation","blue","pink","Because I saw that one was faster than the other."
"10/25/13 14:10:24","jamie","update_observation","pink","blue","Because I saw that one was faster than the other."
"10/25/13 14:10:25","nora","update_observation","yellow","pink","Because I saw Pink pass in front of Yellow."
"10/25/13 14:10:27","kay","new_observation","gray","pink","null"
"10/25/13 14:10:28","simone","update_observation","pink","green","Because of another reason."
"10/25/13 14:10:29","steffany","new_theory","mercury","red","null"
"10/25/13 14:10:29","kay","update_observation","gray","pink","Because I saw that one was faster than the other."
"10/25/13 14:10:31","steffany","remove_theory","mercury","red","null"
"10/25/13 14:10:32","kay","new_observation","green","pink","null"
"10/25/13 14:10:34","jamie","new_observation","orange","brown","null"
"10/25/13 14:10:35","kay","update_observation","green","pink","Because I saw that one was faster than the other."
"10/25/13 14:10:35","jamie","update_observation","orange","brown","Because I saw that one was faster than the other."
"10/25/13 14:10:38","nora","new_observation","brown","pink","null"
"10/25/13 14:10:40","nora","update_observation","brown","pink","Because I saw Pink pass in front of Brown."
"10/25/13 14:10:41","simone","new_observation","green","gray","null"
"10/25/13 14:10:42","kay","new_observation","brown","pink","null"
"10/25/13 14:10:43","simone","update_observation","green","gray","Because I saw Gray pass in front of Green."
"10/25/13 14:10:48","kay","update_observation","brown","pink","Because I saw that one was faster than the other."
"10/25/13 14:10:52","kay","new_observation","orange","pink","null"
"10/25/13 14:10:54","kay","update_observation","orange","pink","Because I saw that one was faster than the other."
"11/25/13 14:11:06","jude","new_observation","green","pink","null"
"11/25/13 14:11:07","jamie","new_observation","gray","yellow","null"
"11/25/13 14:11:08","jamie","update_observation","gray","yellow","Because I saw that one was faster than the other."
"11/25/13 14:11:08","jude","update_observation","green","pink","Because I saw Pink pass in front of Green."
"11/25/13 14:11:13","rafee","new_observation","green","pink","null"
"11/25/13 14:11:15","jamie","new_observation","green","gray","null"
"11/25/13 14:11:18","jamie","update_observation","green","gray","Because I saw Gray pass in front of Green."
"11/25/13 14:11:18","nora","new_observation","orange","blue","null"
"11/25/13 14:11:21","rafee","update_observation","green","pink","Because I saw Pink pass in front of Green."
"11/25/13 14:11:22","nora","update_observation","orange","blue","Because I saw Blue pass in front of Orange."
"11/25/13 14:11:22","jude","new_observation","yellow","pink","null"
"11/25/13 14:11:26","jude","update_observation","yellow","pink","Because I saw Pink pass in front of Yellow."
"11/25/13 14:11:26","benny","remove_observation","green","pink","Because I saw that one was faster than the other."
"11/25/13 14:11:28","jude","new_observation","blue","pink","null"
"11/25/13 14:11:29","jamie","new_observation","yellow","blue","null"
"11/25/13 14:11:30","jude","update_observation","blue","pink","Because I saw Pink pass in front of Blue."
"11/25/13 14:11:33","jude","new_observation","red","pink","null"
"11/25/13 14:11:34","jamie","update_observation","yellow","blue","Because I saw that one was faster than the other."
"11/25/13 14:11:35","jude","update_observation","red","pink","Because of another reason."
"11/25/13 14:11:36","alastair","new_observation","green","brown","null"
"11/25/13 14:11:36","rafee","new_observation","red","pink","null"
"11/25/13 14:11:39","jude","new_observation","brown","pink","null"
"11/25/13 14:11:40","alastair","update_observation","green","brown","Because I saw Brown pass in front of Green."
"11/25/13 14:11:41","jude","update_observation","brown","pink","Because I saw that one was faster than the other."
"11/25/13 14:11:42","simone","new_observation","red","pink","null"
"11/25/13 14:11:45","jude","new_observation","orange","pink","null"
"11/25/13 14:11:47","rafee","update_observation","red","pink","Because I saw Pink pass in front of Red."
"11/25/13 14:11:48","simone","update_observation","red","pink","Because I saw that one was faster than the other."
"11/25/13 14:11:48","jude","update_observation","orange","pink","Because I saw Pink pass in front of Orange."
"11/25/13 14:11:51","kay","new_observation","yellow","blue","null"
"11/25/13 14:11:53","jude","new_observation","gray","pink","null"
"11/25/13 14:11:54","kay","update_observation","yellow","blue","Because I saw Blue pass in front of Yellow."
"11/25/13 14:11:54","rafee","new_observation","yellow","blue","null"
"11/25/13 14:11:56","jude","update_observation","gray","pink","Because I saw Pink pass in front of Gray."
"11/25/13 14:11:57","rafee","update_observation","yellow","blue","Because I saw Blue pass in front of Yellow."
"11/25/13 14:11:57","nora","new_observation","green","pink","null"
"11/25/13 14:11:57","simone","new_observation","gray","pink","null"
"12/25/13 14:12:00","simone","update_observation","gray","pink","Because I saw that one was faster than the other."
"12/25/13 14:12:00","rafee","new_observation","yellow","pink","null"
"12/25/13 14:12:01","kay","new_observation","orange","brown","null"
"12/25/13 14:12:01","nora","update_observation","green","pink","Because I saw Pink pass in front of Green."
"12/25/13 14:12:02","rafee","update_observation","yellow","pink","Because I saw Pink pass in front of Yellow."
"12/25/13 14:12:03","kay","update_observation","orange","brown","Because I saw Brown pass in front of Orange."
"12/25/13 14:12:07","charlotte","new_observation","red","pink","null"
"12/25/13 14:12:09","jamie","new_observation","red","pink","null"
"12/25/13 14:12:09","erica","new_observation","red","pink","null"
"12/25/13 14:12:11","charlotte","update_observation","red","pink","Because of another reason."
"12/25/13 14:12:11","kay","new_observation","brown","orange","null"
"12/25/13 14:12:12","erica","update_observation","red","pink","Because I saw that one was faster than the other."
"12/25/13 14:12:15","jamie","update_observation","red","pink","Because of another reason."
"12/25/13 14:12:16","kay","update_observation","brown","orange","Because of another reason."
"12/25/13 14:12:17","erica","new_observation","yellow","pink","null"
"12/25/13 14:12:19","erica","update_observation","yellow","pink","Because I saw that one was faster than the other."
"12/25/13 14:12:19","charlotte","new_observation","yellow","pink","null"
"12/25/13 14:12:21","erica","new_observation","blue","pink","null"
"12/25/13 14:12:22","erica","remove_observation","blue","pink","null"
"12/25/13 14:12:23","charlotte","update_observation","yellow","pink","Because I saw Pink pass in front of Yellow."
"12/25/13 14:12:24","erica","new_observation","blue","pink","null"
"12/25/13 14:12:26","steffany","new_observation","blue","pink","null"
"12/25/13 14:12:27","erica","update_observation","blue","pink","Because I saw that one was faster than the other."
"12/25/13 14:12:29","erica","new_observation","green","pink","null"
"12/25/13 14:12:29","charlotte","new_observation","blue","pink","null"
"12/25/13 14:12:30","steffany","update_observation","blue","pink","Because I saw Pink pass in front of Blue."
"12/25/13 14:12:31","erica","update_observation","green","pink","Because I saw that one was faster than the other."
"12/25/13 14:12:31","alastair","new_observation","green","yellow","null"
"12/25/13 14:12:32","charlotte","update_observation","blue","pink","Because I saw Pink pass in front of Blue."
"12/25/13 14:12:33","erica","new_observation","orange","pink","null"
"12/25/13 14:12:34","erica","update_observation","orange","pink","Because of another reason."
"12/25/13 14:12:34","alastair","update_observation","green","yellow","Because I saw Yellow pass in front of Green."
"12/25/13 14:12:34","charlotte","new_observation","gray","pink","null"
"12/25/13 14:12:38","charlotte","update_observation","gray","pink","Because I saw Pink pass in front of Gray."
"12/25/13 14:12:39","jude","new_observation","green","gray","null"
"12/25/13 14:12:40","erica","remove_observation","orange","pink","Because of another reason."
"12/25/13 14:12:40","charlotte","new_observation","orange","pink","null"
"12/25/13 14:12:42","erica","new_observation","orange","pink","null"
"12/25/13 14:12:42","rafee","new_observation","brown","pink","null"
"12/25/13 14:12:42","jude","update_observation","green","gray","Because I saw that one was faster than the other."
"12/25/13 14:12:42","charlotte","update_observation","orange","pink","Because I saw Pink pass in front of Orange."
"12/25/13 14:12:43","rafee","update_observation","brown","pink","Because I saw Pink pass in front of Brown."
"12/25/13 14:12:43","erica","update_observation","orange","pink","Because I saw that one was faster than the other."
"12/25/13 14:12:44","charlotte","new_observation","green","pink","null"
"12/25/13 14:12:45","charlotte","update_observation","green","pink","Because I saw Pink pass in front of Green."
"12/25/13 14:12:46","erica","new_observation","gray","pink","null"
"12/25/13 14:12:48","charlotte","new_observation","brown","pink","null"
"12/25/13 14:12:49","rafee","new_observation","blue","pink","null"
"12/25/13 14:12:49","erica","update_observation","gray","pink","Because I saw Pink pass in front of Gray."
"12/25/13 14:12:50","charlotte","update_observation","brown","pink","Because I saw Pink pass in front of Brown."
"12/25/13 14:12:50","rafee","update_observation","blue","pink","Because I saw Pink pass in front of Blue."
"12/25/13 14:12:55","kay","new_observation","pink","red","null"
"12/25/13 14:12:55","rafee","new_observation","gray","pink","null"
"12/25/13 14:12:56","rafee","update_observation","gray","pink","Because I saw Pink pass in front of Gray."
"12/25/13 14:12:57","kay","update_observation","pink","red","Because I saw that one was faster than the other."
"12/25/13 14:12:58","erica","new_observation","brown","pink","null"
"13/25/13 14:13:00","rafee","new_observation","orange","pink","null"
"13/25/13 14:13:01","rafee","update_observation","orange","pink","Because I saw Pink pass in front of Orange."
"13/25/13 14:13:04","simone","new_observation","pink","red","null"
"13/25/13 14:13:04","erica","update_observation","brown","pink","Because I saw that one was faster than the other."
"13/25/13 14:13:06","charlotte","new_observation","green","blue","null"
"13/25/13 14:13:07","simone","remove_observation","pink","red","null"
"13/25/13 14:13:07","jamie","new_observation","green","brown","null"
"13/25/13 14:13:08","jude","new_observation","orange","brown","null"
"13/25/13 14:13:08","charlotte","update_observation","green","blue","Because I saw Blue pass in front of Green."
"13/25/13 14:13:09","kay","remove_observation","pink","red","Because I saw that one was faster than the other."
"13/25/13 14:13:10","jamie","update_observation","green","brown","Because I saw that one was faster than the other."
"13/25/13 14:13:11","jude","remove_observation","orange","brown","null"
"13/25/13 14:13:11","erica","new_observation","green","blue","null"
"13/25/13 14:13:13","erica","update_observation","green","blue","Because I saw that one was faster than the other."
"13/25/13 14:13:14","steffany","new_observation","orange","brown","null"
"13/25/13 14:13:14","jude","new_observation","brown","orange","null"
"13/25/13 14:13:14","nora","new_observation","red","pink","null"
"13/25/13 14:13:16","steffany","update_observation","orange","brown","Because I saw Brown pass in front of Orange."
"13/25/13 14:13:17","nora","update_observation","red","pink","Because I saw Pink pass in front of Red."
"13/25/13 14:13:17","jude","update_observation","brown","orange","Because I saw that one was faster than the other."
"13/25/13 14:13:20","charlotte","new_observation","gray","blue","null"
"13/25/13 14:13:21","erica","new_observation","green","yellow","null"
"13/25/13 14:13:22","charlotte","update_observation","gray","blue","Because I saw Blue pass in front of Gray."
"13/25/13 14:13:23","rafee","new_observation","green","brown","null"
"13/25/13 14:13:24","erica","update_observation","green","yellow","Because I saw Yellow pass in front of Green."
"13/25/13 14:13:24","simone","new_observation","green","pink","null"
"13/25/13 14:13:24","rafee","update_observation","green","brown","Because I saw Brown pass in front of Green."
"13/25/13 14:13:27","simone","update_observation","green","pink","Because I saw Pink pass in front of Green."
"13/25/13 14:13:28","jude","new_observation","yellow","blue","null"
"13/25/13 14:13:28","rafee","new_observation","green","yellow","null"
"13/25/13 14:13:29","charlotte","new_observation","orange","blue","null"
"13/25/13 14:13:30","charlotte","update_observation","orange","blue","Because I saw Blue pass in front of Orange."
"13/25/13 14:13:30","rafee","update_observation","green","yellow","Because I saw Yellow pass in front of Green."
"13/25/13 14:13:30","mateu","new_observation","green","pink","null"
"13/25/13 14:13:31","jude","update_observation","yellow","blue","Because I saw that one was faster than the other."
"13/25/13 14:13:33","steffany","new_observation","green","gray","null"
"13/25/13 14:13:34","kay","remove_observation","brown","orange","Because of another reason."
"13/25/13 14:13:34","mateu","remove_observation","green","pink","null"
"13/25/13 14:13:38","mateu","new_observation","green","pink","null"
"13/25/13 14:13:38","erica","new_observation","pink","gray","null"
"13/25/13 14:13:39","steffany","update_observation","green","gray","Because I saw that one was faster than the other."
"13/25/13 14:13:41","jamie","new_observation","blue","yellow","null"
"13/25/13 14:13:42","jude","remove_observation","brown","orange","Because I saw that one was faster than the other."
"13/25/13 14:13:42","charlotte","new_observation","yellow","blue","null"
"13/25/13 14:13:43","erica","remove_observation","pink","gray","null"
"13/25/13 14:13:43","jamie","update_observation","blue","yellow","Because I saw that one was faster than the other."
"13/25/13 14:13:44","jude","new_observation","blue","brown","null"
"13/25/13 14:13:45","charlotte","update_observation","yellow","blue","Because I saw that one was faster than the other."
"13/25/13 14:13:45","kay","new_observation","pink","red","null"
"13/25/13 14:13:46","mateu","update_observation","green","pink","Because I saw Pink pass in front of Green."
"13/25/13 14:13:47","steffany","new_observation","red","green","null"
"13/25/13 14:13:47","rafee","new_observation","orange","red","null"
"13/25/13 14:13:47","kay","update_observation","pink","red","Because I saw that one was faster than the other."
"13/25/13 14:13:51","steffany","update_observation","red","green","Because of another reason."
"13/25/13 14:13:51","rafee","remove_observation","orange","red","null"
"13/25/13 14:13:53","nora","new_observation","blue","pink","null"
"13/25/13 14:13:58","nora","update_observation","blue","pink","Because I saw that one was faster than the other."
"13/25/13 14:13:58","nora","update_observation","blue","pink","Because I saw Pink pass in front of Blue."
"13/25/13 14:13:59","steffany","new_observation","green","pink","null"
"13/25/13 14:13:59","simone","remove_observation","blue","pink","Because I saw Pink pass in front of Blue."
"14/25/13 14:14:01","mateu","new_observation","green","gray","null"
"14/25/13 14:14:01","steffany","update_observation","green","pink","Because I saw Pink pass in front of Green."
"14/25/13 14:14:02","simone","new_observation","blue","pink","null"
"14/25/13 14:14:04","mateu","update_observation","green","gray","Because I saw that one was faster than the other."
"14/25/13 14:14:05","simone","update_observation","blue","pink","Because I saw Pink pass in front of Blue."
"14/25/13 14:14:08","steffany","new_observation","yellow","pink","null"
"14/25/13 14:14:10","steffany","update_observation","yellow","pink","Because I saw Pink pass in front of Yellow."
"14/25/13 14:14:11","steffany","new_observation","red","pink","null"
"14/25/13 14:14:13","erica","remove_observation","blue","pink","Because I saw that one was faster than the other."
"14/25/13 14:14:14","charlotte","new_observation","red","blue","null"
"14/25/13 14:14:14","steffany","update_observation","red","pink","Because of another reason."
"14/25/13 14:14:14","erica","new_observation","blue","pink","null"
"14/25/13 14:14:15","erica","update_observation","blue","pink","Because I saw Pink pass in front of Blue."
"14/25/13 14:14:16","charlotte","update_observation","red","blue","Because I saw that one was faster than the other."
"14/25/13 14:14:17","kay","new_observation","blue","orange","null"
"14/25/13 14:14:18","kay","new_observation","blue","yellow","null"
"14/25/13 14:14:19","steffany","new_observation","brown","pink","null"
"14/25/13 14:14:19","kay","remove_observation","blue","yellow","null"
"14/25/13 14:14:19","charlotte","new_observation","red","gray","null"
"14/25/13 14:14:20","kay","remove_observation","blue","orange","null"
"14/25/13 14:14:20","steffany","update_observation","brown","pink","Because of another reason."
"14/25/13 14:14:21","charlotte","update_observation","red","gray","Because I saw that one was faster than the other."
"14/25/13 14:14:23","charlotte","new_observation","red","orange","null"
"14/25/13 14:14:23","steffany","new_observation","gray","pink","null"
"14/25/13 14:14:24","charlotte","update_observation","red","orange","Because I saw that one was faster than the other."
"14/25/13 14:14:25","rafee","new_observation","orange","brown","null"
"14/25/13 14:14:26","jamie","new_observation","brown","gray","null"
"14/25/13 14:14:26","rafee","update_observation","orange","brown","Because I saw Brown pass in front of Orange."
"14/25/13 14:14:27","jamie","update_observation","brown","gray","Because I saw that one was faster than the other."
"14/25/13 14:14:28","charlotte","new_observation","red","green","null"
"14/25/13 14:14:28","steffany","update_observation","gray","pink","Because I saw that one was faster than the other."
"14/25/13 14:14:30","charlotte","update_observation","red","green","Because I saw that one was faster than the other."
"14/25/13 14:14:31","charlotte","new_observation","red","yellow","null"
"14/25/13 14:14:33","charlotte","update_observation","red","yellow","Because I saw that one was faster than the other."
"14/25/13 14:14:34","kay","new_observation","red","gray","null"
"14/25/13 14:14:35","charlotte","new_observation","red","brown","null"
"14/25/13 14:14:35","erica","new_observation","gray","blue","null"
"14/25/13 14:14:36","kay","remove_observation","red","gray","null"
"14/25/13 14:14:37","charlotte","update_observation","red","brown","Because I saw that one was faster than the other."
"14/25/13 14:14:37","erica","remove_observation","gray","blue","null"
"14/25/13 14:14:38","jamie","remove_observation","brown","gray","Because I saw that one was faster than the other."
"14/25/13 14:14:39","kay","remove_observation","pink","red","Because I saw that one was faster than the other."
"14/25/13 14:14:40","erica","new_observation","red","blue","null"
"14/25/13 14:14:41","erica","remove_observation","red","blue","null"
"14/25/13 14:14:45","erica","new_observation","gray","blue","null"
"14/25/13 14:14:45","kay","new_observation","red","gray","null"
"14/25/13 14:14:45","jamie","new_observation","brown","blue","null"
"14/25/13 14:14:46","rafee","new_observation","red","blue","null"
"14/25/13 14:14:47","jamie","update_observation","brown","blue","Because I saw that one was faster than the other."
"14/25/13 14:14:47","kay","update_observation","red","gray","Because I saw that one was faster than the other."
"14/25/13 14:14:47","rafee","update_observation","red","blue","Because I saw Blue pass in front of Red."
"14/25/13 14:14:47","erica","update_observation","gray","blue","Because I saw that one was faster than the other."
"14/25/13 14:14:49","kay","new_observation","yellow","gray","null"
"14/25/13 14:14:50","kay","new_observation","red","orange","null"
"14/25/13 14:14:50","rafee","new_observation","red","gray","null"
"14/25/13 14:14:51","kay","update_observation","yellow","gray","Because I saw that one was faster than the other."
"14/25/13 14:14:52","rafee","update_observation","red","gray","Because I saw Gray pass in front of Red."
"14/25/13 14:14:53","kay","update_observation","red","orange","Because I saw that one was faster than the other."
"14/25/13 14:14:53","erica","new_observation","gray","yellow","null"
"14/25/13 14:14:53","rafee","new_observation","red","brown","null"
"14/25/13 14:14:54","rafee","update_observation","red","brown","Because I saw Brown pass in front of Red."
"14/25/13 14:14:55","erica","update_observation","gray","yellow","Because I saw that one was faster than the other."
"14/25/13 14:14:56","kay","new_observation","red","blue","null"
"14/25/13 14:14:57","rafee","new_observation","red","yellow","null"
"14/25/13 14:14:58","rafee","update_observation","red","yellow","Because I saw Yellow pass in front of Red."
"14/25/13 14:14:58","kay","update_observation","red","blue","Because I saw that one was faster than the other."
"15/25/13 14:15:01","rafee","new_observation","red","green","null"
"15/25/13 14:15:02","kay","new_observation","red","brown","null"
"15/25/13 14:15:03","rafee","update_observation","red","green","Because I saw Green pass in front of Red."
"15/25/13 14:15:03","kay","update_observation","red","brown","Because I saw that one was faster than the other."
"15/25/13 14:15:04","alastair","new_observation","orange","brown","null"
"15/25/13 14:15:07","alastair","update_observation","orange","brown","Because I saw Brown pass in front of Orange."
"15/25/13 14:15:11","kay","new_observation","red","green","null"
"15/25/13 14:15:12","steffany","new_observation","orange","blue","null"
"15/25/13 14:15:12","kay","update_observation","red","green","Because I saw that one was faster than the other."
"15/25/13 14:15:13","jamie","new_observation","red","blue","null"
"15/25/13 14:15:17","steffany","update_observation","orange","blue","Because I saw that one was faster than the other."
"15/25/13 14:15:18","erica","new_observation","red","blue","null"
"15/25/13 14:15:19","erica","update_observation","red","blue","Because of another reason."
"15/25/13 14:15:20","jamie","update_observation","red","blue","Because I saw that one was faster than the other."
"15/25/13 14:15:20","jamie","update_observation","red","blue","Because of another reason."
"15/25/13 14:15:21","steffany","remove_observation","orange","blue","Because I saw that one was faster than the other."
"15/25/13 14:15:23","kay","new_observation","pink","red","null"
"15/25/13 14:15:25","kay","update_observation","pink","red","Because I saw that one was faster than the other."
"15/25/13 14:15:26","steffany","new_observation","orange","blue","null"
"15/25/13 14:15:28","steffany","update_observation","orange","blue","Because of another reason."
"15/25/13 14:15:29","jamie","new_observation","blue","brown","null"
"15/25/13 14:15:30","alastair","new_observation","red","green","null"
"15/25/13 14:15:31","jamie","update_observation","blue","brown","Because I saw that one was faster than the other."
"15/25/13 14:15:32","steffany","new_observation","green","blue","null"
"15/25/13 14:15:33","alastair","update_observation","red","green","Because I saw Green pass in front of Red."
"15/25/13 14:15:35","steffany","update_observation","green","blue","Because I saw that one was faster than the other."
"15/25/13 14:15:36","erica","new_observation","yellow","blue","null"
"15/25/13 14:15:38","erica","remove_observation","yellow","blue","null"
"15/25/13 14:15:40","steffany","new_observation","red","blue","null"
"15/25/13 14:15:40","jamie","new_observation","red","brown","null"
"15/25/13 14:15:41","jude","new_observation","red","gray","null"
"15/25/13 14:15:41","jamie","update_observation","red","brown","Because I saw that one was faster than the other."
"15/25/13 14:15:42","steffany","update_observation","red","blue","Because of another reason."
"15/25/13 14:15:42","alastair","new_observation","red","blue","null"
"15/25/13 14:15:43","charlotte","new_observation","gray","yellow","null"
"15/25/13 14:15:43","jude","update_observation","red","gray","Because of another reason."
"15/25/13 14:15:44","charlotte","update_observation","gray","yellow","Because I saw Yellow pass in front of Gray."
"15/25/13 14:15:45","alastair","update_observation","red","blue","Because I saw that one was faster than the other."
"15/25/13 14:15:46","jude","new_observation","red","blue","null"
"15/25/13 14:15:47","jude","update_observation","red","blue","Because of another reason."
"15/25/13 14:15:48","kay","remove_observation","pink","red","Because I saw that one was faster than the other."
"15/25/13 14:15:49","alastair","new_observation","red","yellow","null"
"15/25/13 14:15:50","erica","new_observation","red","yellow","null"
"15/25/13 14:15:51","jude","new_observation","red","green","null"
"15/25/13 14:15:52","erica","update_observation","red","yellow","Because of another reason."
"15/25/13 14:15:52","steffany","new_observation","red","brown","null"
"15/25/13 14:15:53","alastair","update_observation","red","yellow","Because I saw that one was faster than the other."
"15/25/13 14:15:53","charlotte","new_observation","green","gray","null"
"15/25/13 14:15:53","jude","update_observation","red","green","Because of another reason."
"15/25/13 14:15:54","steffany","update_observation","red","brown","Because of another reason."
"15/25/13 14:15:54","jamie","new_observation","gray","blue","null"
"15/25/13 14:15:55","jude","new_observation","red","orange","null"
"15/25/13 14:15:56","charlotte","update_observation","green","gray","Because I saw Gray pass in front of Green."
"15/25/13 14:15:56","steffany","new_observation","red","yellow","null"
"15/25/13 14:15:57","jamie","update_observation","gray","blue","Because I saw that one was faster than the other."
"15/25/13 14:15:57","steffany","update_observation","red","yellow","Because of another reason."
"15/25/13 14:15:58","jude","update_observation","red","orange","Because of another reason."
"15/25/13 14:15:58","rafee","new_observation","orange","blue","null"
"15/25/13 14:15:59","steffany","new_observation","red","orange","null"
"16/25/13 14:16:00","steffany","update_observation","red","orange","Because of another reason."
"16/25/13 14:16:00","jamie","new_observation","green","blue","null"
"16/25/13 14:16:01","rafee","update_observation","orange","blue","Because I saw Blue pass in front of Orange."
"16/25/13 14:16:01","jude","new_observation","red","brown","null"
"16/25/13 14:16:02","jamie","update_observation","green","blue","Because I saw that one was faster than the other."
"16/25/13 14:16:03","steffany","new_observation","red","gray","null"
"16/25/13 14:16:03","jude","update_observation","red","brown","Because of another reason."
"16/25/13 14:16:03","mateu","new_observation","brown","blue","null"
"16/25/13 14:16:04","steffany","update_observation","red","gray","Because of another reason."
"16/25/13 14:16:05","jamie","new_observation","orange","blue","null"
"16/25/13 14:16:06","jude","new_observation","red","yellow","null"
"16/25/13 14:16:06","jamie","update_observation","orange","blue","Because I saw that one was faster than the other."
"16/25/13 14:16:06","erica","new_observation","brown","blue","null"
"16/25/13 14:16:08","erica","update_observation","brown","blue","Because I saw that one was faster than the other."
"16/25/13 14:16:09","mateu","update_observation","brown","blue","Because I saw that one was faster than the other."
"16/25/13 14:16:09","simone","new_observation","red","brown","null"
"16/25/13 14:16:10","simone","remove_observation","red","brown","null"
"16/25/13 14:16:13","jude","update_observation","red","yellow","Because of another reason."
"16/25/13 14:16:16","jamie","new_observation","red","gray","null"
"16/25/13 14:16:18","jamie","update_observation","red","gray","Because I saw that one was faster than the other."
"16/25/13 14:16:19","nora","new_observation","brown","blue","null"
"16/25/13 14:16:20","simone","new_observation","brown","blue","null"
"16/25/13 14:16:20","nora","update_observation","brown","blue","Because I saw Blue pass in front of Brown."
"16/25/13 14:16:22","simone","update_observation","brown","blue","Because I saw Blue pass in front of Brown."
"16/25/13 14:16:23","erica","remove_observation","brown","blue","Because I saw that one was faster than the other."
"16/25/13 14:16:23","charlotte","new_observation","brown","blue","null"
"16/25/13 14:16:25","charlotte","update_observation","brown","blue","Because I saw Blue pass in front of Brown."
"16/25/13 14:16:25","jude","new_observation","brown","blue","null"
"16/25/13 14:16:27","rafee","new_observation","brown","blue","null"
"16/25/13 14:16:28","erica","new_observation","brown","blue","null"
"16/25/13 14:16:28","jude","update_observation","brown","blue","Because I saw Blue pass in front of Brown."
"16/25/13 14:16:28","kay","new_observation","brown","blue","null"
"16/25/13 14:16:29","mateu","remove_observation","brown","blue","Because I saw that one was faster than the other."
"16/25/13 14:16:30","erica","update_observation","brown","blue","Because I saw Blue pass in front of Brown."
"16/25/13 14:16:31","rafee","update_observation","brown","blue","Because I saw Blue pass in front of Brown."
"16/25/13 14:16:31","steffany","new_observation","brown","blue","null"
"16/25/13 14:16:32","kay","update_observation","brown","blue","Because I saw that one was faster than the other."
"16/25/13 14:16:33","mateu","new_observation","brown","blue","null"
"16/25/13 14:16:33","steffany","update_observation","brown","blue","Because I saw Blue pass in front of Brown."
"16/25/13 14:16:34","mateu","update_observation","brown","blue","Because I saw that one was faster than the other."
"16/25/13 14:16:38","mateu","new_observation","brown","orange","null"
"16/25/13 14:16:40","mateu","remove_observation","brown","orange","null"
"16/25/13 14:16:46","mateu","new_observation","brown","orange","null"
"16/25/13 14:16:48","mateu","remove_observation","brown","orange","null"
"16/25/13 14:16:55","jamie","remove_observation","pink","blue","Because I saw that one was faster than the other."
"16/25/13 14:16:59","mateu","new_observation","red","pink","null"
"17/25/13 14:17:01","mateu","update_observation","red","pink","Because I saw that one was faster than the other."
"17/25/13 14:17:12","mateu","new_observation","gray","yellow","null"
"17/25/13 14:17:14","mateu","update_observation","gray","yellow","Because I saw that one was faster than the other."
"17/25/13 14:17:23","jamie","new_observation","red","orange","null"
"17/25/13 14:17:24","jamie","update_observation","red","orange","Because I saw that one was faster than the other."
"17/25/13 14:17:27","jamie","new_observation","red","yellow","null"
"17/25/13 14:17:28","jamie","update_observation","red","yellow","Because I saw that one was faster than the other."
"17/25/13 14:17:29","steffany","new_theory","mercury","pink","null"
"17/25/13 14:17:30","jamie","new_observation","red","green","null"
"17/25/13 14:17:31","steffany","remove_theory","mercury","pink","null"
"17/25/13 14:17:32","jamie","update_observation","red","green","Because I saw that one was faster than the other."
"17/25/13 14:17:45","mateu","new_observation","gray","pink","null"
"17/25/13 14:17:46","mateu","update_observation","gray","pink","Because I saw that one was faster than the other."
"17/25/13 14:17:49","kay","new_observation","pink","red","null"
"17/25/13 14:17:51","jamie","new_observation","green","yellow","null"
"17/25/13 14:17:51","kay","update_observation","pink","red","Because I saw that one was faster than the other."
"17/25/13 14:17:52","jamie","update_observation","green","yellow","Because I saw that one was faster than the other."
"17/25/13 14:17:57","kay","remove_observation","pink","red","Because I saw that one was faster than the other."
"18/25/13 14:18:03","steffany","new_observation","yellow","blue","null"
"18/25/13 14:18:05","steffany","update_observation","yellow","blue","Because of another reason."
"18/25/13 14:18:13","jude","new_observation","green","blue","null"
"18/25/13 14:18:16","jude","update_observation","green","blue","Because I saw Blue pass in front of Green."
"18/25/13 14:18:23","jude","new_observation","green","yellow","null"
"18/25/13 14:18:26","jude","update_observation","green","yellow","Because I saw Yellow pass in front of Green."
"18/25/13 14:18:29","jude","new_observation","green","brown","null"
"18/25/13 14:18:32","jude","update_observation","green","brown","Because I saw that one was faster than the other."
"18/25/13 14:18:36","simone","remove_observation","pink","green","Because of another reason."
"18/25/13 14:18:49","steffany","remove_observation","yellow","blue","Because of another reason."
"19/25/13 14:19:00","alastair","new_observation","red","pink","null"
"19/25/13 14:19:03","alastair","update_observation","red","pink","Because I saw that one was faster than the other."
"19/25/13 14:19:07","charlotte","new_observation","blue","yellow","null"
"19/25/13 14:19:09","charlotte","update_observation","blue","yellow","Because of another reason."
"19/25/13 14:19:16","charlotte","new_observation","green","brown","null"
"19/25/13 14:19:19","charlotte","update_observation","green","brown","Because I saw Brown pass in front of Green."
"19/25/13 14:19:34","alastair","new_observation","yellow","pink","null"
"19/25/13 14:19:38","jamie","remove_observation","blue","yellow","Because I saw that one was faster than the other."
"19/25/13 14:19:39","alastair","update_observation","yellow","pink","Because I saw that one was faster than the other."
"19/25/13 14:19:43","alastair","new_observation","gray","pink","null"
"19/25/13 14:19:45","alastair","update_observation","gray","pink","Because I saw that one was faster than the other."
"19/25/13 14:19:46","steffany","new_observation","gray","blue","null"
"19/25/13 14:19:47","alastair","new_observation","orange","pink","null"
"19/25/13 14:19:48","steffany","update_observation","gray","blue","Because of another reason."
"19/25/13 14:19:48","alastair","update_observation","orange","pink","Because I saw that one was faster than the other."
"19/25/13 14:19:50","alastair","new_observation","brown","pink","null"
"19/25/13 14:19:51","jude","new_observation","pink","red","null"
"19/25/13 14:19:52","alastair","update_observation","brown","pink","Because I saw that one was faster than the other."
"19/25/13 14:19:53","steffany","remove_observation","gray","blue","Because of another reason."
"19/25/13 14:19:54","jude","update_observation","pink","red","Because of another reason."
"19/25/13 14:19:57","steffany","new_observation","gray","blue","null"
"19/25/13 14:19:57","alastair","new_observation","green","pink","null"
"19/25/13 14:19:58","jude","remove_observation","pink","red","Because of another reason."
"19/25/13 14:19:59","steffany","update_observation","gray","blue","Because I saw that one was faster than the other."
"19/25/13 14:19:59","alastair","update_observation","green","pink","Because I saw that one was faster than the other."
"20/25/13 14:20:09","steffany","new_observation","gray","yellow","null"
"20/25/13 14:20:13","steffany","update_observation","gray","yellow","Because I saw that one was faster than the other."
"20/25/13 14:20:13","jamie","new_observation","brown","yellow","null"
"20/25/13 14:20:15","jamie","update_observation","brown","yellow","Because I saw that one was faster than the other."
"20/25/13 14:20:22","jamie","new_observation","orange","pink","null"
"20/25/13 14:20:23","jamie","update_observation","orange","pink","Because I saw that one was faster than the other."
"20/25/13 14:20:25","jamie","new_observation","gray","pink","null"
"20/25/13 14:20:26","jamie","update_observation","gray","pink","Because I saw that one was faster than the other."
"20/25/13 14:20:29","jamie","new_observation","blue","pink","null"
"20/25/13 14:20:30","jamie","update_observation","blue","pink","Because I saw that one was faster than the other."
"20/25/13 14:20:32","jamie","new_observation","green","pink","null"
"20/25/13 14:20:33","jamie","update_observation","green","pink","Because I saw that one was faster than the other."
"20/25/13 14:20:36","jamie","new_observation","brown","pink","null"
"20/25/13 14:20:37","jamie","update_observation","brown","pink","Because I saw that one was faster than the other."
"20/25/13 14:20:37","jude","new_observation","pink","green","null"
"20/25/13 14:20:38","jude","remove_observation","pink","green","null"
"20/25/13 14:20:46","jude","new_observation","pink","green","null"
"20/25/13 14:20:49","jude","remove_observation","pink","green","null"
"20/25/13 14:20:53","jude","new_observation","pink","green","null"
"20/25/13 14:20:58","jude","remove_observation","pink","green","null"
"20/25/13 14:20:58","steffany","new_observation","green","brown","null"
"20/25/13 14:20:59","jamie","new_observation","orange","yellow","null"
"21/25/13 14:21:01","jamie","update_observation","orange","yellow","Because I saw that one was faster than the other."
"21/25/13 14:21:01","steffany","update_observation","green","brown","Because of another reason."
"21/25/13 14:21:04","steffany","new_observation","green","yellow","null"
"21/25/13 14:21:06","steffany","update_observation","green","yellow","Because I saw Yellow pass in front of Green."
"21/25/13 14:21:12","charlotte","new_observation","pink","red","null"
"21/25/13 14:21:14","charlotte","remove_observation","pink","red","null"
"21/25/13 14:21:52","jamie","new_observation","green","orange","null"
"21/25/13 14:21:53","jamie","update_observation","green","orange","Because I saw that one was faster than the other."
"22/25/13 14:22:12","jude","new_observation","brown","green","null"
"22/25/13 14:22:17","jude","update_observation","brown","green","Because of another reason."
"22/25/13 14:22:21","rafee","new_observation","blue","brown","null"
"22/25/13 14:22:24","rafee","remove_observation","blue","brown","null"
"22/25/13 14:22:29","kay","new_observation","brown","gray","null"
"22/25/13 14:22:30","kay","update_observation","brown","gray","Because I saw Gray pass in front of Brown."
"22/25/13 14:22:37","rafee","new_observation","red","orange","null"
"22/25/13 14:22:39","rafee","update_observation","red","orange","Because I saw Orange pass in front of Red."
"22/25/13 14:22:42","kay","remove_observation","brown","gray","Because I saw Gray pass in front of Brown."
"22/25/13 14:22:50","erica","new_observation","pink","orange","null"
"22/25/13 14:22:52","jude","remove_observation","brown","green","Because of another reason."
"22/25/13 14:22:53","erica","update_observation","pink","orange","Because of another reason."
"23/25/13 14:23:08","jamie","new_observation","gray","brown","null"
"23/25/13 14:23:08","jude","new_observation","pink","orange","null"
"23/25/13 14:23:09","jamie","update_observation","gray","brown","Because I saw that one was faster than the other."
"23/25/13 14:23:11","jude","update_observation","pink","orange","Because of another reason."
"23/25/13 14:23:12","jamie","new_observation","gray","orange","null"
"23/25/13 14:23:14","jamie","update_observation","gray","orange","Because I saw that one was faster than the other."
"23/25/13 14:23:22","charlotte","remove_observation","blue","yellow","Because of another reason."
"23/25/13 14:23:23","jude","remove_observation","pink","orange","Because of another reason."
"23/25/13 14:23:25","nora","new_observation","orange","pink","null"
"23/25/13 14:23:27","nora","update_observation","orange","pink","Because I saw Pink pass in front of Orange."
"23/25/13 14:23:33","jude","new_observation","gray","yellow","null"
"23/25/13 14:23:36","jude","update_observation","gray","yellow","Because I saw that one was faster than the other."
"23/25/13 14:23:44","erica","remove_observation","pink","orange","Because of another reason."
"24/25/13 14:24:50","kay","new_theory","mercury","yellow","null"
"24/25/13 14:24:56","simone","new_observation","blue","red","null"
"24/25/13 14:24:57","kay","update_theory","mercury","yellow","Duck
"
"24/25/13 14:24:59","simone","update_observation","blue","red","Because of another reason."
"25/25/13 14:25:00","kay","remove_theory","mercury","yellow","Duck
"
"25/25/13 14:25:03","simone","remove_observation","blue","red","Because of another reason."
"25/25/13 14:25:26","massimo","new_observation","pink","gray","null"
"25/25/13 14:25:30","massimo","update_observation","pink","gray","Because of another reason."
"25/25/13 14:25:36","massimo","remove_observation","pink","gray","Because of another reason."
"25/25/13 14:25:47","steffany","new_theory","mercury","red","null"
"25/25/13 14:25:49","steffany","remove_theory","mercury","red","null"
"25/25/13 14:25:55","kay","new_theory","venus","red","null"
"26/25/13 14:26:07","kay","update_theory","venus","red","Fedora 
"
"26/25/13 14:26:12","kay","remove_theory","venus","red","Fedora 
"
"26/25/13 14:26:21","jamie","new_observation","pink","red","null"
"26/25/13 14:26:23","jamie","remove_observation","pink","red","null"
"26/25/13 14:26:26","jamie","new_observation","pink","red","null"
"26/25/13 14:26:33","jamie","remove_observation","pink","red","null"
"26/25/13 14:26:35","charlotte","new_theory","mercury","pink","null"
"26/25/13 14:26:42","jamie","new_observation","pink","red","null"
"26/25/13 14:26:45","jamie","update_observation","pink","red","Because I saw that one was faster than the other."
"26/25/13 14:26:52","jamie","new_observation","yellow","red","null"
"26/25/13 14:26:53","jamie","new_observation","blue","red","null"
"26/25/13 14:26:55","jamie","new_observation","gray","red","null"
"26/25/13 14:26:56","kay","new_theory","earth","red","null"
"26/25/13 14:26:56","jamie","update_observation","gray","red","Because I saw that one was faster than the other."
"26/25/13 14:26:58","jamie","update_observation","blue","red","Because I saw that one was faster than the other."
"26/25/13 14:26:59","jamie","update_observation","yellow","red","Because I saw that one was faster than the other."
"27/25/13 14:27:05","jamie","remove_observation","yellow","red","Because I saw that one was faster than the other."
"27/25/13 14:27:07","jamie","remove_observation","blue","red","Because I saw that one was faster than the other."
"27/25/13 14:27:09","jamie","remove_observation","gray","red","Because I saw that one was faster than the other."
"27/25/13 14:27:10","kay","remove_theory","earth","red","null"
"27/25/13 14:27:10","jamie","remove_observation","pink","red","Because I saw that one was faster than the other."
"27/25/13 14:27:16","massimo","new_observation","pink","blue","null"
"27/25/13 14:27:18","massimo","update_observation","pink","blue","Because of another reason."
"27/25/13 14:27:19","kay","new_theory","mercury","red","null"
"27/25/13 14:27:20","massimo","remove_observation","pink","blue","Because of another reason."
"27/25/13 14:27:36","kay","update_theory","mercury","red","Platypus wearing a fedora "
"27/25/13 14:27:56","kay","remove_theory","mercury","red","Platypus wearing a fedora "
"28/25/13 14:28:06","rayne","new_observation","blue","pink","null"
"28/25/13 14:28:08","rayne","remove_observation","blue","pink","null"
"28/25/13 14:28:14","charlotte","update_theory","mercury","pink","The pink is moving the fastest so it must be the closest. ^o^  "
"28/25/13 14:28:24","jamie","remove_observation","blue","brown","Because I saw that one was faster than the other."
"28/25/13 14:28:33","rayne","new_observation","brown","pink","null"
"28/25/13 14:28:35","rayne","update_observation","brown","pink","Because I saw Pink pass in front of Brown."
"29/25/13 14:29:15","rayne","new_observation","gray","pink","null"
"29/25/13 14:29:20","rayne","remove_observation","gray","pink","null"
"29/25/13 14:29:28","kay","new_theory","venus","red","null"
"29/25/13 14:29:29","kay","remove_theory","venus","red","null"
"29/25/13 14:29:49","kay","new_observation","pink","red","null"
"29/25/13 14:29:50","kay","update_observation","pink","red","Because I saw that one was faster than the other."
"29/25/13 14:29:51","kay","remove_observation","pink","red","Because I saw that one was faster than the other."
"29/25/13 14:29:58","steffany","new_theory","venus","orange","null"
"30/25/13 14:30:00","steffany","remove_theory","venus","orange","null"
"30/25/13 14:30:01","steffany","remove_theory","venus","orange","null"
"30/25/13 14:30:55","jamie","new_observation","pink","red","null"
"30/25/13 14:30:59","jamie","remove_observation","pink","red","null"
"30/25/13 14:30:59","kay","remove_observation","red","orange","Because I saw that one was faster than the other."
"31/25/13 14:31:02","kay","new_observation","red","orange","null"
"31/25/13 14:31:03","jamie","new_observation","pink","red","null"
"31/25/13 14:31:04","jamie","remove_observation","pink","red","null"
"31/25/13 14:31:11","kay","remove_observation","red","orange","null"
"32/25/13 14:32:07","kay","new_observation","pink","blue","null"
"32/25/13 14:32:08","jamie","new_observation","yellow","red","null"
"32/25/13 14:32:09","kay","update_observation","pink","blue","Because I saw that one was faster than the other."
"32/25/13 14:32:11","jamie","remove_observation","yellow","red","null"
"32/25/13 14:32:15","kay","remove_observation","pink","blue","Because I saw that one was faster than the other."
"32/25/13 14:32:16","jamie","new_observation","pink","red","null"
"32/25/13 14:32:17","jamie","update_observation","pink","red","Because I saw that one was faster than the other."
"32/25/13 14:32:18","jamie","new_observation","yellow","red","null"
"32/25/13 14:32:20","jamie","update_observation","yellow","red","Because I saw that one was faster than the other."
"32/25/13 14:32:24","jamie","new_observation","gray","red","null"
"32/25/13 14:32:26","jamie","update_observation","gray","red","Because I saw that one was faster than the other."
"32/25/13 14:32:27","jamie","new_observation","blue","red","null"
"32/25/13 14:32:30","jamie","update_observation","blue","red","Because I saw that one was faster than the other."
"32/25/13 14:32:37","jamie","new_observation","green","red","null"
"32/25/13 14:32:38","jamie","update_observation","green","red","Because I saw that one was faster than the other."
"32/25/13 14:32:39","jamie","new_observation","orange","red","null"
"32/25/13 14:32:41","jamie","update_observation","orange","red","Because I saw that one was faster than the other."
"32/25/13 14:32:41","rafee","new_observation","yellow","red","null"
"32/25/13 14:32:42","jamie","new_observation","brown","red","null"
"32/25/13 14:32:44","jamie","update_observation","brown","red","Because I saw that one was faster than the other."
"32/25/13 14:32:44","rafee","update_observation","yellow","red","Because I saw Red pass in front of Yellow."
"32/25/13 14:32:46","rafee","new_observation","pink","red","null"
"32/25/13 14:32:49","rafee","update_observation","pink","red","Because I saw that one was faster than the other."
"32/25/13 14:32:51","jamie","remove_observation","brown","red","Because I saw that one was faster than the other."
"32/25/13 14:32:51","rafee","new_observation","green","red","null"
"32/25/13 14:32:53","rafee","update_observation","green","red","Because I saw Red pass in front of Green."
"32/25/13 14:32:54","rafee","new_observation","brown","red","null"
"32/25/13 14:32:54","jamie","new_observation","brown","red","null"
"32/25/13 14:32:56","rafee","update_observation","brown","red","Because I saw Red pass in front of Brown."
"32/25/13 14:32:56","jamie","update_observation","brown","red","Because I saw that one was faster than the other."
"32/25/13 14:32:59","jamie","remove_observation","pink","red","Because I saw that one was faster than the other."
"33/25/13 14:33:00","jamie","new_observation","pink","red","null"
"33/25/13 14:33:02","jamie","update_observation","pink","red","Because I saw Red pass in front of Pink."
"33/25/13 14:33:03","rafee","new_observation","gray","red","null"
"33/25/13 14:33:04","rafee","update_observation","gray","red","Because I saw Red pass in front of Gray."
"33/25/13 14:33:06","rafee","new_observation","blue","red","null"
"33/25/13 14:33:07","rafee","update_observation","blue","red","Because I saw Red pass in front of Blue."
"33/25/13 14:33:09","rafee","new_observation","orange","red","null"
"33/25/13 14:33:11","rafee","update_observation","orange","red","Because I saw Red pass in front of Orange."
"37/25/13 14:37:28","jamie","remove_observation","blue","red","Because I saw that one was faster than the other."
"45/25/13 14:45:17","jamie","new_theory","venus","blue","null"
"45/25/13 14:45:27","robert","new_theory","earth","yellow","null"
"45/25/13 14:45:27","jamie","remove_theory","venus","blue","null"
"45/25/13 14:45:29","robert","remove_theory","earth","yellow","null"
"45/25/13 14:45:32","jamie","new_theory","venus","blue","null"
"45/25/13 14:45:37","jamie","remove_theory","venus","blue","null"
"48/25/13 14:48:37","nora","new_theory","venus","blue","null"
"48/25/13 14:48:41","nora","remove_theory","venus","blue","null"
"48/25/13 14:48:58","charlotte","new_theory","neptune","red","null"
"51/25/13 14:51:16","charlotte","update_theory","neptune","red","And allie are not sure that red is Neptune because we haven't seen it and it isn't too likely that it is still in the space in between the screens. "
"04/26/13 10:04:55","jamie","remove_observation","pink","red","Because I saw Red pass in front of Pink."
"04/26/13 10:04:57","jamie","remove_observation","brown","red","Because I saw that one was faster than the other."
"04/26/13 10:04:59","jamie","remove_observation","gray","red","Because I saw that one was faster than the other."
"05/26/13 10:05:02","jamie","remove_observation","green","red","Because I saw that one was faster than the other."
"05/26/13 10:05:04","jamie","remove_observation","orange","red","Because I saw that one was faster than the other."
"05/26/13 10:05:07","jamie","remove_observation","yellow","red","Because I saw that one was faster than the other."
"06/26/13 10:06:58","alastair","new_theory","venus","blue","null"
"07/26/13 10:07:06","alastair","remove_theory","venus","blue","null"
"07/26/13 10:07:54","alastair","new_theory","saturn","gray","null"
"08/26/13 10:08:22","alastair","new_theory","uranus","green","null"
"08/26/13 10:08:37","alastair","update_theory","uranus","green","V"
"08/26/13 10:08:40","alastair","new_theory","venus","blue","null"
"08/26/13 10:08:44","alastair","update_theory","venus","blue","R"
"08/26/13 10:08:46","alastair","new_theory","earth","yellow","null"
"08/26/13 10:08:51","alastair","update_theory","earth","yellow","6"
"08/26/13 10:08:55","alastair","new_theory","jupiter","orange","null"
"08/26/13 10:08:58","alastair","update_theory","jupiter","orange","3"
"09/26/13 10:09:03","alastair","new_theory","neptune","red","null"
"09/26/13 10:09:07","alastair","update_theory","neptune","red","M"
"09/26/13 10:09:09","alastair","new_theory","mercury","pink","null"
"09/26/13 10:09:20","alastair","update_theory","mercury","pink","Fastest"
"09/26/13 10:09:22","alastair","new_theory","mars","brown","null"
"09/26/13 10:09:26","alastair","update_theory","mars","brown","6"
"09/26/13 10:09:38","alastair","new_observation","gray","orange","null"
"09/26/13 10:09:41","alastair","update_observation","gray","orange","Because I saw Orange pass in front of Gray."
"20/26/13 10:20:19","jamie","new_observation","yellow","red","null"
"20/26/13 10:20:21","jamie","update_observation","yellow","red","Because I saw that one was faster than the other."
"20/26/13 10:20:22","jamie","new_observation","pink","red","null"
"20/26/13 10:20:23","jamie","update_observation","pink","red","Because I saw that one was faster than the other."
"20/26/13 10:20:25","jamie","new_observation","blue","red","null"
"20/26/13 10:20:26","jamie","update_observation","blue","red","Because I saw that one was faster than the other."
"20/26/13 10:20:29","jamie","new_observation","blue","brown","null"
"20/26/13 10:20:30","jamie","update_observation","blue","brown","Because I saw that one was faster than the other."
"20/26/13 10:20:33","jamie","new_observation","gray","red","null"
"20/26/13 10:20:34","jamie","update_observation","gray","red","Because I saw that one was faster than the other."
"20/26/13 10:20:36","jamie","new_observation","orange","red","null"
"20/26/13 10:20:37","jamie","update_observation","orange","red","Because I saw that one was faster than the other."
"20/26/13 10:20:39","jamie","new_observation","yellow","gray","null"
"20/26/13 10:20:40","jamie","update_observation","yellow","gray","Because I saw that one was faster than the other."
"20/26/13 10:20:46","jamie","new_observation","green","red","null"
"20/26/13 10:20:47","jamie","update_observation","green","red","Because I saw that one was faster than the other."
"21/26/13 10:21:02","jamie","new_observation","brown","red","null"
"21/26/13 10:21:03","jamie","update_observation","brown","red","Because I saw that one was faster than the other."
"21/26/13 10:21:14","jamie","remove_observation","yellow","gray","Because I saw that one was faster than the other."
"21/26/13 10:21:20","jamie","remove_observation","blue","red","Because I saw that one was faster than the other."
"21/26/13 10:21:24","jamie","remove_observation","gray","red","Because I saw that one was faster than the other."
"21/26/13 10:21:29","jamie","remove_observation","blue","brown","Because I saw that one was faster than the other."
"21/26/13 10:21:33","jamie","remove_observation","orange","red","Because I saw that one was faster than the other."
"21/26/13 10:21:35","jamie","remove_observation","green","red","Because I saw that one was faster than the other."
"21/26/13 10:21:37","jamie","remove_observation","brown","red","Because I saw that one was faster than the other."
"21/26/13 10:21:39","jamie","remove_observation","yellow","red","Because I saw that one was faster than the other."
"21/26/13 10:21:47","jamie","remove_observation","pink","red","Because I saw that one was faster than the other."
"16/26/13 11:16:03","rayne","new_observation","brown","blue","null"
"16/26/13 11:16:05","rayne","update_observation","brown","blue","Because I saw Blue pass in front of Brown."
"16/26/13 11:16:37","rayne","new_observation","orange","blue","null"
"16/26/13 11:16:38","rayne","update_observation","orange","blue","Because I saw Blue pass in front of Orange."
"17/26/13 11:17:07","rayne","new_observation","orange","pink","null"
"17/26/13 11:17:09","rayne","update_observation","orange","pink","Because I saw Pink pass in front of Orange."
"20/26/13 11:20:50","massimo","new_observation","orange","green","null"
"20/26/13 11:20:58","massimo","update_observation","orange","green","Because I saw that one was faster than the other."
"32/26/13 11:32:56","rayne","new_observation","green","brown","null"
"32/26/13 11:32:59","rayne","update_observation","green","brown","Because I saw Brown pass in front of Green."
"33/26/13 11:33:05","rayne","new_observation","green","blue","null"
"33/26/13 11:33:06","rayne","update_observation","green","blue","Because I saw Blue pass in front of Green."
"33/26/13 11:33:10","massimo","new_observation","green","pink","null"
"33/26/13 11:33:13","massimo","update_observation","green","pink","Because I saw that one was faster than the other."
"33/26/13 11:33:17","massimo","new_observation","orange","pink","null"
"33/26/13 11:33:18","massimo","update_observation","orange","pink","Because of another reason."
"33/26/13 11:33:21","rayne","new_observation","green","yellow","null"
"33/26/13 11:33:21","massimo","remove_observation","orange","pink","Because of another reason."
"33/26/13 11:33:22","rayne","update_observation","green","yellow","Because I saw Yellow pass in front of Green."
"33/26/13 11:33:23","massimo","new_observation","orange","pink","null"
"33/26/13 11:33:24","massimo","update_observation","orange","pink","Because I saw that one was faster than the other."
"33/26/13 11:33:28","massimo","new_observation","brown","pink","null"
"33/26/13 11:33:30","massimo","update_observation","brown","pink","Because I saw that one was faster than the other."
"33/26/13 11:33:32","massimo","new_observation","red","pink","null"
"33/26/13 11:33:34","massimo","update_observation","red","pink","Because I saw that one was faster than the other."
"33/26/13 11:33:36","massimo","new_observation","blue","pink","null"
"33/26/13 11:33:38","massimo","update_observation","blue","pink","Because I saw that one was faster than the other."
"33/26/13 11:33:40","massimo","new_observation","gray","pink","null"
"33/26/13 11:33:42","massimo","update_observation","gray","pink","Because I saw that one was faster than the other."
"33/26/13 11:33:45","massimo","new_observation","yellow","pink","null"
"33/26/13 11:33:46","massimo","update_observation","yellow","pink","Because I saw that one was faster than the other."
"17/26/13 12:17:17","erica","new_observation","gray","brown","null"
"17/26/13 12:17:20","erica","update_observation","gray","brown","Because I saw Brown pass in front of Gray."
"18/26/13 12:18:30","jamie","new_theory","mercury","pink","null"
"18/26/13 12:18:34","jude","new_theory","mercury","pink","null"
"19/26/13 12:19:06","jude","update_theory","mercury","pink","It's the fastest one"
"19/26/13 12:19:11","jude","new_theory","venus","blue","null"
"19/26/13 12:19:13","jamie","update_theory","mercury","pink","This is the fastest and I've seen it pass all of them"
"19/26/13 12:19:37","jamie","new_theory","venus","blue","null"
"19/26/13 12:19:46","jude","update_theory","venus","blue","It's the second fastest one"
"19/26/13 12:19:49","jude","new_theory","earth","yellow","null"
"20/26/13 12:20:00","erica","new_observation","orange","yellow","null"
"20/26/13 12:20:02","erica","update_observation","orange","yellow","Because I saw that one was faster than the other."
"20/26/13 12:20:43","jamie","update_theory","venus","blue","It is faster then yellow and the first three are fast and all else are very slow"
"20/26/13 12:20:47","jude","update_theory","earth","yellow","It's the third fastest one"
"20/26/13 12:20:49","jude","new_theory","jupiter","brown","null"
"20/26/13 12:20:58","jude","remove_theory","jupiter","brown","null"
"21/26/13 12:21:01","jude","new_theory","mars","brown","null"
"21/26/13 12:21:21","jamie","new_theory","earth","yellow","null"
"21/26/13 12:21:44","jude","update_theory","mars","brown","It's the fourth fastest one"
"21/26/13 12:21:47","jamie","update_theory","earth","yellow","Earth has a lot of deserts"
"21/26/13 12:21:47","jude","new_theory","jupiter","orange","null"
"22/26/13 12:22:13","jamie","new_theory","neptune","red","null"
"22/26/13 12:22:28","jamie","update_theory","neptune","red","I've never seen it"
"22/26/13 12:22:58","jude","update_theory","jupiter","orange","It's the fifth fastest one"
"23/26/13 12:23:00","jude","new_theory","saturn","gray","null"
"23/26/13 12:23:21","jamie","remove_observation","green","gray","Because I saw Gray pass in front of Green."
"23/26/13 12:23:28","jamie","new_observation","green","gray","null"
"23/26/13 12:23:29","jamie","update_observation","green","gray","Because I saw that one was faster than the other."
"23/26/13 12:23:50","jude","update_theory","saturn","gray","It's the second slowest one"
"23/26/13 12:23:53","jude","new_theory","uranus","green","null"
"24/26/13 12:24:04","jude","update_theory","uranus","green","It's the "
"24/26/13 12:24:12","jamie","remove_observation","gray","orange","Because I saw that one was faster than the other."
"24/26/13 12:24:17","jude","update_theory","saturn","gray","It's the third slowest one"
"24/26/13 12:24:35","jamie","new_observation","gray","orange","null"
"24/26/13 12:24:37","jamie","update_observation","gray","orange","Because I saw that one was faster than the other."
"24/26/13 12:24:37","jude","update_theory","uranus","green","It's the second slowest one"
"24/26/13 12:24:41","jude","new_theory","neptune","red","null"
"25/26/13 12:25:15","jude","update_theory","neptune","red","It's the slowest one"
"56/26/13 12:56:52","jude","update_theory","uranus","green","It's the second slowest onef"
"57/26/13 12:57:09","jude","update_theory","uranus","green","It's the second slowest one "
"58/27/13 08:58:07","rafee","remove_observation","pink","red","Because I saw that one was faster than the other."
"58/27/13 08:58:25","rafee","remove_observation","yellow","red","Because I saw Red pass in front of Yellow."
"58/27/13 08:58:32","rafee","remove_observation","blue","red","Because I saw Red pass in front of Blue."
"58/27/13 08:58:35","rafee","remove_observation","gray","red","Because I saw Red pass in front of Gray."
"58/27/13 08:58:37","rafee","remove_observation","orange","red","Because I saw Red pass in front of Orange."
"58/27/13 08:58:41","rafee","remove_observation","brown","red","Because I saw Red pass in front of Brown."
"58/27/13 08:58:43","rafee","remove_observation","green","red","Because I saw Red pass in front of Green."
"59/27/13 08:59:19","rafee","new_observation","gray","blue","null"
"59/27/13 08:59:21","rafee","update_observation","gray","blue","Because I saw Blue pass in front of Gray."
"59/27/13 08:59:55","rafee","new_theory","neptune","red","null"
"00/27/13 09:00:14","rafee","update_theory","neptune","red","Neptune

"
"00/27/13 09:00:22","rafee","new_theory","earth","yellow","null"
"00/27/13 09:00:29","rafee","remove_theory","earth","yellow","null"
"00/27/13 09:00:34","rafee","new_theory","earth","yellow","null"
"00/27/13 09:00:50","rafee","update_theory","earth","yellow","Earth"
"00/27/13 09:00:58","rafee","new_theory","mercury","pink","null"
"01/27/13 09:01:34","rafee","update_theory","mercury","pink","Mercury"
"04/27/13 09:04:06","jude","remove_observation","blue","brown","null"
"04/27/13 09:04:24","jamie","remove_observation","gray","brown","Because I saw that one was faster than the other."
"04/27/13 09:04:28","jamie","remove_observation","gray","blue","Because I saw that one was faster than the other."
"04/27/13 09:04:29","jamie","remove_observation","gray","yellow","Because I saw that one was faster than the other."
"04/27/13 09:04:31","jamie","remove_observation","gray","orange","Because I saw that one was faster than the other."
"04/27/13 09:04:32","jamie","remove_observation","gray","pink","Because I saw that one was faster than the other."
"04/27/13 09:04:34","jamie","remove_observation","red","pink","Because of another reason."
"04/27/13 09:04:37","jamie","remove_observation","red","yellow","Because I saw that one was faster than the other."
"04/27/13 09:04:38","jamie","remove_observation","red","brown","Because I saw that one was faster than the other."
"04/27/13 09:04:40","jamie","remove_observation","red","green","Because I saw that one was faster than the other."
"04/27/13 09:04:42","jamie","remove_observation","red","blue","Because of another reason."
"04/27/13 09:04:43","jamie","remove_observation","red","gray","Because I saw that one was faster than the other."
"04/27/13 09:04:47","jamie","remove_observation","red","orange","Because I saw that one was faster than the other."
"04/27/13 09:04:52","jamie","new_observation","red","orange","null"
"04/27/13 09:04:54","jamie","update_observation","red","orange","Because I saw that one was faster than the other."
"04/27/13 09:04:57","jamie","new_observation","red","green","null"
"04/27/13 09:04:58","jamie","update_observation","red","green","Because I saw that one was faster than the other."
"05/27/13 09:05:00","jamie","new_observation","red","brown","null"
"05/27/13 09:05:01","jamie","update_observation","red","brown","Because I saw that one was faster than the other."
"05/27/13 09:05:05","jamie","new_observation","red","gray","null"
"05/27/13 09:05:06","jamie","update_observation","red","gray","Because I saw that one was faster than the other."
"05/27/13 09:05:08","jamie","new_observation","red","blue","null"
"05/27/13 09:05:09","jamie","update_observation","red","blue","Because I saw that one was faster than the other."
"05/27/13 09:05:18","jamie","new_observation","red","yellow","null"
"05/27/13 09:05:19","jamie","update_observation","red","yellow","Because I saw that one was faster than the other."
"05/27/13 09:05:21","jamie","new_observation","red","pink","null"
"05/27/13 09:05:22","jamie","update_observation","red","pink","Because I saw that one was faster than the other."
"05/27/13 09:05:30","jamie","remove_observation","red","brown","Because I saw that one was faster than the other."
"05/27/13 09:05:32","jamie","remove_observation","red","yellow","Because I saw that one was faster than the other."
"05/27/13 09:05:33","jamie","remove_observation","red","pink","Because I saw that one was faster than the other."
"05/27/13 09:05:34","jamie","remove_observation","red","green","Because I saw that one was faster than the other."
"05/27/13 09:05:38","jamie","remove_observation","red","blue","Because I saw that one was faster than the other."
"05/27/13 09:05:39","jamie","remove_observation","red","gray","Because I saw that one was faster than the other."
"05/27/13 09:05:41","jamie","remove_observation","red","orange","Because I saw that one was faster than the other."
"05/27/13 09:05:42","jamie","new_observation","red","blue","null"
"05/27/13 09:05:43","jamie","update_observation","red","blue","Because I saw that one was faster than the other."
"05/27/13 09:05:45","jamie","new_observation","red","pink","null"
"05/27/13 09:05:46","jamie","update_observation","red","pink","Because I saw that one was faster than the other."
"05/27/13 09:05:48","jamie","new_observation","red","gray","null"
"05/27/13 09:05:49","jamie","update_observation","red","gray","Because I saw that one was faster than the other."
"05/27/13 09:05:58","jamie","new_observation","red","orange","null"
"05/27/13 09:05:59","jamie","update_observation","red","orange","Because I saw that one was faster than the other."
"06/27/13 09:06:01","jamie","new_observation","red","green","null"
"06/27/13 09:06:02","jamie","update_observation","red","green","Because I saw that one was faster than the other."
"06/27/13 09:06:04","jamie","new_observation","red","yellow","null"
"06/27/13 09:06:05","jamie","update_observation","red","yellow","Because I saw that one was faster than the other."
"06/27/13 09:06:07","jamie","new_observation","red","brown","null"
"06/27/13 09:06:09","jamie","update_observation","red","brown","Because I saw Brown pass in front of Red."
"06/27/13 09:06:10","jamie","update_observation","red","brown","Because I saw that one was faster than the other."
"12/28/13 11:12:50","saffi","new_observation","blue","pink","null"
"12/28/13 11:12:55","saffi","update_observation","blue","pink","Because I saw that one was faster than the other."
"13/28/13 11:13:01","saffi","new_observation","red","pink","null"
"13/28/13 11:13:03","saffi","update_observation","red","pink","Because of another reason."
"13/28/13 11:13:05","saffi","new_observation","yellow","pink","null"
"13/28/13 11:13:07","saffi","update_observation","yellow","pink","Because I saw Pink pass in front of Yellow."
"13/28/13 11:13:10","saffi","new_observation","brown","pink","null"
"13/28/13 11:13:12","saffi","update_observation","brown","pink","Because I saw Pink pass in front of Brown."
"13/28/13 11:13:14","saffi","new_observation","green","pink","null"
"13/28/13 11:13:16","saffi","update_observation","green","pink","Because I saw Pink pass in front of Green."
"13/28/13 11:13:18","saffi","new_observation","gray","pink","null"
"13/28/13 11:13:19","saffi","update_observation","gray","pink","Because I saw that one was faster than the other."
"13/28/13 11:13:21","saffi","new_observation","orange","pink","null"
"13/28/13 11:13:23","saffi","update_observation","orange","pink","Because I saw Pink pass in front of Orange."
"13/28/13 11:13:48","saffi","new_observation","red","blue","null"
"13/28/13 11:13:49","saffi","update_observation","red","blue","Because of another reason."
"13/28/13 11:13:53","saffi","new_observation","gray","blue","null"
"13/28/13 11:13:55","saffi","update_observation","gray","blue","Because I saw Blue pass in front of Gray."
"13/28/13 11:13:57","saffi","new_observation","orange","blue","null"
"13/28/13 11:13:59","saffi","update_observation","orange","blue","Because I saw that one was faster than the other."
"14/28/13 11:14:07","saffi","new_observation","brown","blue","null"
"14/28/13 11:14:12","saffi","update_observation","brown","blue","Because of another reason."
"15/28/13 11:15:35","jamie","new_observation","gray","yellow","null"
"15/28/13 11:15:37","jamie","update_observation","gray","yellow","Because I saw that one was faster than the other."
"15/28/13 11:15:40","jamie","new_observation","gray","brown","null"
"15/28/13 11:15:41","jamie","update_observation","gray","brown","Because I saw Brown pass in front of Gray."
"15/28/13 11:15:43","jamie","new_observation","gray","orange","null"
"15/28/13 11:15:44","jamie","update_observation","gray","orange","Because I saw that one was faster than the other."
"15/28/13 11:15:47","jamie","new_observation","gray","pink","null"
"15/28/13 11:15:48","jamie","update_observation","gray","pink","Because I saw that one was faster than the other."
"15/28/13 11:15:51","jamie","new_observation","gray","blue","null"
"15/28/13 11:15:52","jamie","update_observation","gray","blue","Because I saw that one was faster than the other."
"16/28/13 11:16:48","charlotte","new_theory","venus","blue","null"
"17/28/13 11:17:39","jamie","remove_theory","earth","yellow","Earth has a lot of deserts"
"17/28/13 11:17:41","jamie","remove_theory","venus","blue","It is faster then yellow and the first three are fast and all else are very slow"
"17/28/13 11:17:43","jamie","remove_theory","mercury","pink","This is the fastest and I've seen it pass all of them"
"17/28/13 11:17:50","jamie","remove_theory","neptune","red","I've never seen it"
"17/28/13 11:17:55","jamie","new_theory","mercury","pink","null"
"18/28/13 11:18:11","jamie","update_theory","mercury","pink","It is the fastest "
"18/28/13 11:18:14","jamie","new_theory","venus","blue","null"
"18/28/13 11:18:34","jamie","update_theory","venus","blue","It is the second fastest "
"18/28/13 11:18:36","jamie","new_theory","earth","yellow","null"
"18/28/13 11:18:42","charlotte","update_theory","venus","blue","It passes every planet but the pink planet

:-P 	"
"18/28/13 11:18:52","charlotte","new_theory","earth","yellow","null"
"19/28/13 11:19:08","charlotte","new_theory","mars","brown","null"
"19/28/13 11:19:29","jamie","update_theory","earth","yellow","It is the third fastest"
"19/28/13 11:19:36","charlotte","new_theory","jupiter","orange","null"
"19/28/13 11:19:39","jamie","new_theory","mars","brown","null"
"20/28/13 11:20:12","charlotte","remove_theory","earth","yellow","null"
"20/28/13 11:20:14","jamie","update_theory","mars","brown","It is the forth fastest "
"20/28/13 11:20:43","massimo","new_theory","neptune","red","null"
"21/28/13 11:21:00","charlotte","update_theory","mars","brown","I'm goi"
"21/28/13 11:21:06","charlotte","remove_theory","mars","brown","I'm goi"
"21/28/13 11:21:07","jamie","remove_theory","mercury","pink","It is the fastest "
"21/28/13 11:21:09","jamie","remove_theory","venus","blue","It is the second fastest "
"21/28/13 11:21:10","charlotte","remove_theory","jupiter","orange","null"
"21/28/13 11:21:11","jamie","remove_theory","earth","yellow","It is the third fastest"
"21/28/13 11:21:15","jamie","update_theory","mars","brown","It is the forth fastest way "
"21/28/13 11:21:18","jamie","update_theory","mars","brown","It is the forth fastest way between "
"21/28/13 11:21:24","robert","new_theory","mercury","pink","null"
"21/28/13 11:21:30","jamie","update_theory","mars","brown","It is the forth fastest"
"21/28/13 11:21:31","jamie","remove_theory","mars","brown","It is the forth fastest"
"21/28/13 11:21:32","robert","new_theory","venus","blue","null"
"21/28/13 11:21:42","robert","remove_theory","mercury","pink","null"
"21/28/13 11:21:43","robert","remove_theory","venus","blue","null"
"21/28/13 11:21:47","robert","new_theory","mercury","pink","null"
"22/28/13 11:22:07","kay","remove_observation","yellow","gray","Because I saw that one was faster than the other."
"22/28/13 11:22:23","robert","update_theory","mercury","pink","It's the fastest one"
"22/28/13 11:22:29","robert","new_theory","venus","blue","null"
"22/28/13 11:22:37","saffi","new_observation","green","gray","null"
"22/28/13 11:22:38","saffi","update_observation","green","gray","Because I saw that one was faster than the other."
"22/28/13 11:22:41","saffi","new_observation","green","blue","null"
"22/28/13 11:22:42","saffi","update_observation","green","blue","Because of another reason."
"22/28/13 11:22:42","rafee","new_observation","green","blue","null"
"22/28/13 11:22:45","rafee","update_observation","green","blue","Because I saw Blue pass in front of Green."
"22/28/13 11:22:46","saffi","new_observation","green","yellow","null"
"22/28/13 11:22:48","saffi","update_observation","green","yellow","Because I saw that one was faster than the other."
"22/28/13 11:22:50","robert","update_theory","venus","blue","It's the second fastest one"
"22/28/13 11:22:52","robert","new_theory","earth","yellow","null"
"22/28/13 11:22:55","charlotte","update_theory","neptune","red","And allie are sure that red is Neptune because we saw it and it was even slower then green. :-$ "
"22/28/13 11:22:57","saffi","new_observation","green","orange","null"
"23/28/13 11:23:00","saffi","update_observation","green","orange","Because I saw that one was faster than the other."
"23/28/13 11:23:07","saffi","remove_observation","green","orange","Because I saw that one was faster than the other."
"23/28/13 11:23:15","saffi","new_observation","green","brown","null"
"23/28/13 11:23:17","saffi","update_observation","green","brown","Because I saw that one was faster than the other."
"23/28/13 11:23:56","saffi","new_observation","orange","brown","null"
"23/28/13 11:23:58","saffi","update_observation","orange","brown","Because I saw Brown pass in front of Orange."
"24/28/13 11:24:00","saffi","new_observation","red","yellow","null"
"24/28/13 11:24:01","jamie","new_theory","neptune","red","null"
"24/28/13 11:24:02","saffi","remove_observation","red","yellow","null"
"24/28/13 11:24:11","jamie","remove_theory","neptune","red","null"
"24/28/13 11:24:13","jamie","new_theory","mercury","red","null"
"24/28/13 11:24:14","jamie","remove_theory","mercury","red","null"
"24/28/13 11:24:17","massimo","update_theory","neptune","red","Because I saw red moving a little bit slower than green,  the farther away the planet the slower and Neptune  is the farthest planet.  So that is why I think red is Neptune. "
"24/28/13 11:24:54","robert","update_theory","earth","yellow","Because Venus and mercury have been seen in front of it a lot. "
"25/28/13 11:25:13","saffi","new_observation","red","gray","null"
"25/28/13 11:25:14","saffi","update_observation","red","gray","Because I saw that one was faster than the other."
"25/28/13 11:25:17","saffi","remove_observation","red","gray","Because I saw that one was faster than the other."
"25/28/13 11:25:17","massimo","new_theory","uranus","green","null"
"25/28/13 11:25:18","saffi","new_observation","red","gray","null"
"25/28/13 11:25:20","saffi","update_observation","red","gray","Because of another reason."
"25/28/13 11:25:23","robert","new_theory","neptune","red","null"
"25/28/13 11:25:23","saffi","new_observation","red","brown","null"
"25/28/13 11:25:25","saffi","update_observation","red","brown","Because of another reason."
"25/28/13 11:25:28","saffi","new_observation","red","green","null"
"25/28/13 11:25:31","saffi","remove_observation","red","green","null"
"25/28/13 11:25:33","marissa","new_observation","red","orange","null"
"25/28/13 11:25:34","saffi","new_observation","red","yellow","null"
"25/28/13 11:25:36","saffi","update_observation","red","yellow","Because of another reason."
"25/28/13 11:25:40","saffi","new_observation","red","orange","null"
"25/28/13 11:25:41","saffi","update_observation","red","orange","Because of another reason."
"25/28/13 11:25:44","marissa","new_observation","red","pink","null"
"25/28/13 11:25:48","marissa","update_observation","red","pink","Because of another reason."
"25/28/13 11:25:48","jamie","new_theory","uranus","green","null"
"25/28/13 11:25:53","marissa","new_observation","red","green","null"
"25/28/13 11:25:55","marissa","update_observation","red","green","Because of another reason."
"25/28/13 11:25:56","marissa","new_observation","red","yellow","null"
"25/28/13 11:25:59","marissa","update_observation","red","yellow","Because of another reason."
"26/28/13 11:26:02","marissa","new_observation","red","blue","null"
"26/28/13 11:26:03","jamie","update_theory","uranus","green","I like chicken"
"26/28/13 11:26:04","marissa","update_observation","red","blue","Because of another reason."
"26/28/13 11:26:06","marissa","new_observation","red","gray","null"
"26/28/13 11:26:09","marissa","update_observation","red","gray","Because of another reason."
"26/28/13 11:26:12","marissa","new_observation","red","brown","null"
"26/28/13 11:26:14","marissa","update_observation","red","brown","Because of another reason."
"26/28/13 11:26:22","marissa","new_observation","blue","pink","null"
"26/28/13 11:26:25","marissa","update_observation","blue","pink","Because I saw that one was faster than the other."
"26/28/13 11:26:33","marissa","new_observation","gray","pink","null"
"26/28/13 11:26:33","robert","update_theory","neptune","red","Because it's only been seen once. "
"26/28/13 11:26:36","marissa","update_observation","gray","pink","Because I saw Pink pass in front of Gray."
"26/28/13 11:26:38","marissa","new_observation","orange","pink","null"
"26/28/13 11:26:39","marissa","update_observation","orange","pink","Because I saw Pink pass in front of Orange."
"26/28/13 11:26:41","jamie","remove_theory","uranus","green","I like chicken"
"26/28/13 11:26:43","marissa","new_observation","brown","pink","null"
"27/28/13 11:27:22","jamie","new_observation","pink","red","null"
"27/28/13 11:27:23","jamie","remove_observation","pink","red","null"
"29/28/13 11:29:00","massimo","update_theory","uranus","green"," like my other point green was moving a little slower than red so it's the "
"29/28/13 11:29:15","massimo","update_theory","uranus","green"," like my other point green was moving a little slower than red so it's the next "
"31/28/13 11:31:49","robert","update_theory","neptune","red","Because it's only been seen once so it's the "
"32/28/13 11:32:12","massimo","update_theory","uranus","green"," like my other point green was moving a little slower than red so it's the next farthest planet Uranus.  And thatv"
"32/28/13 11:32:22","massimo","remove_observation","orange","green","Because I saw that one was faster than the other."
"32/28/13 11:32:44","robert","new_observation","orange","pink","null"
"32/28/13 11:32:47","robert","update_observation","orange","pink","Because I saw that one was faster than the other."
"32/28/13 11:32:48","robert","new_observation","blue","pink","null"
"32/28/13 11:32:50","robert","update_observation","blue","pink","Because I saw that one was faster than the other."
"32/28/13 11:32:51","robert","new_observation","yellow","pink","null"
"32/28/13 11:32:54","robert","update_observation","yellow","pink","Because I saw that one was faster than the other."
"32/28/13 11:32:55","robert","new_observation","red","pink","null"
"32/28/13 11:32:57","robert","update_observation","red","pink","Because I saw that one was faster than the other."
"32/28/13 11:32:58","robert","new_observation","gray","pink","null"
"32/28/13 11:32:59","robert","update_observation","gray","pink","Because I saw that one was faster than the other."
"33/28/13 11:33:00","robert","new_observation","green","pink","null"
"33/28/13 11:33:02","robert","update_observation","green","pink","Because I saw that one was faster than the other."
"33/28/13 11:33:03","robert","new_observation","brown","pink","null"
"33/28/13 11:33:05","robert","update_observation","brown","pink","Because I saw that one was faster than the other."
"33/28/13 11:33:23","charlotte","new_observation","orange","yellow","null"
"33/28/13 11:33:29","charlotte","update_observation","orange","yellow","Because of another reason."
"33/28/13 11:33:38","charlotte","new_observation","green","yellow","null"
"33/28/13 11:33:40","charlotte","update_observation","green","yellow","Because of another reason."
"33/28/13 11:33:42","charlotte","new_observation","brown","yellow","null"
"33/28/13 11:33:44","charlotte","update_observation","brown","yellow","Because of another reason."
"35/28/13 11:35:12","robert","new_theory","jupiter","orange","null"
"36/28/13 11:36:11","charlotte","update_theory","neptune","red","And allie are sure that reda d is Neptune because we saw it and it was even slower then green. :-$ "
"36/28/13 11:36:45","charlotte","update_theory","neptune","red","And allie are sure that red is Neptune because we saw it and it was even slower then green. :-$ "
"36/28/13 11:36:54","massimo","update_theory","uranus","green"," like my other point green was moving a little slower than red so it's the next farthest planet Uranus.  And that is why I think that green "
"36/28/13 11:36:58","charlotte","new_theory","saturn","gray","null"
"37/28/13 11:37:08","massimo","update_theory","uranus","green"," like my other point green was moving a little slower than red so it's the next farthest planet Uranus.  And that is why I think that green is Uranus.  "
"37/28/13 11:37:24","jamie","new_theory","mars","brown","null"
"37/28/13 11:37:31","charlotte","update_theory","saturn","gray","And allie are sure tba"
"38/28/13 11:38:09","jamie","update_theory","mars","brown","I've seen it pass orange"
"39/28/13 11:39:39","massimo","new_theory","mercury","pink","null"
"39/28/13 11:39:48","massimo","update_theory","mercury","pink","Pink"
"39/28/13 11:39:51","robert","new_theory","jupiter","green","null"
"39/28/13 11:39:56","robert","remove_theory","jupiter","green","null"
"40/28/13 11:40:15","charlotte","update_theory","saturn","gray","And allie are sure that grey is Saturn because it has passed "
"40/28/13 11:40:18","robert","new_theory","mercury","green","null"
"40/28/13 11:40:21","robert","remove_theory","mercury","green","null"
"40/28/13 11:40:25","robert","new_theory","mercury","green","null"
"40/28/13 11:40:31","robert","remove_theory","mercury","green","null"
"40/28/13 11:40:53","charlotte","update_theory","saturn","gray","And allie are sure that grey is Saturn because it has passed orange "
"44/28/13 11:44:18","charlotte","update_theory","saturn","gray","And allie are sure that grey is Saturn because orange and brown and yellow and blue and pink has passed it  and it has passed "
"44/28/13 11:44:56","charlotte","update_theory","saturn","gray","And allie are sure that grey is Saturn because orange and brown and yellow and blue and pink has passed it  and it has passed green  and red. B-) "
"49/28/13 11:49:04","erica","new_observation","pink","red","null"
"52/28/13 11:52:03","massimo","update_theory","mercury","pink","In the observation tab pink had no planets on it so it's the closest to the sender sun so it's mercury. "
